-- INSERT INTO User (id, username, hash, salt) VALUES (1, 'admin', 'f60c369efbad828bc7c505d19a666c2f8eae99a44c2daede18ad284c99090b83', 'mte12rr09v04ocatdogmvai24n');

-- //Må fjernes
-- INSERT INTO ResearchUser (id, age, gender, state) VALUES (1, 61, 'MALE', 'Østfold');
-- INSERT INTO ResearchUser (id, age, gender, state) VALUES (2, 61, 'MALE', 'Østfold');
-- INSERT INTO ResearchUser (id, age, gender, state) VALUES (3, 61, 'MALE', 'Østfold');
-- INSERT INTO ResearchUser (id, age, gender, state) VALUES (4, 61, 'MALE', 'Østfold');
-- INSERT INTO ResearchUser (id, age, gender, state) VALUES (5, 61, 'FEMALE', 'Østfold');
-- INSERT INTO ResearchUser (id, age, gender, state) VALUES (6, 61, 'MALE', 'Østfold');
-- INSERT INTO ResearchUser (id, age, gender, state) VALUES (7, 61, 'MALE', 'Østfold');
-- INSERT INTO ResearchUser (id, age, gender, state) VALUES (8, 61, 'MALE', 'Østfold');
-- INSERT INTO ResearchUser (id, age, gender, state) VALUES (9, 61, 'OTHER', 'Østfold');
-- INSERT INTO ResearchUser (id, age, gender, state) VALUES (10, 61, 'MALE', 'Østfold');
-- INSERT INTO ResearchUser (id, age, gender, state) VALUES (11, 61, 'MALE', 'Østfold');
-- INSERT INTO ResearchUser (id, age, gender, state) VALUES (12, 61, 'NOT_SPECIFIED', 'Østfold');
-- INSERT INTO ResearchUser (id, age, gender, state) VALUES (13, 61, 'MALE', 'Østfold');
-- INSERT INTO ResearchUser (id, age, gender, state) VALUES (14, 61, 'MALE', 'Østfold');
-- INSERT INTO ResearchUser (id, age, gender, state) VALUES (15, 61, 'MALE', 'Østfold');
-- INSERT INTO ResearchUser (id, age, gender, state) VALUES (16, 61, 'MALE', 'Østfold');
-- INSERT INTO ResearchUser (id, age, gender, state) VALUES (17, 61, 'MALE', 'Østfold');
-- INSERT INTO ResearchUser (id, age, gender, state) VALUES (18, 61, 'MALE', 'Østfold');
-- INSERT INTO ResearchUser (id, age, gender, state) VALUES (19, 61, 'MALE', 'Østfold');
-- INSERT INTO ResearchUser (id, age, gender, state) VALUES (20, 61, 'MALE', 'Østfold');
-- INSERT INTO ResearchUser (id, age, gender, state) VALUES (21, 61, 'MALE', 'Østfold');
-- INSERT INTO ResearchUser (id, age, gender, state) VALUES (22, 61, 'MALE', 'Østfold');
-- INSERT INTO ResearchUser (id, age, gender, state) VALUES (23, 61, 'MALE', 'Østfold');
-- INSERT INTO ResearchUser (id, age, gender, state) VALUES (24, 61, 'MALE', 'Østfold');
-- INSERT INTO ResearchUser (id, age, gender, state) VALUES (25, 61, 'MALE', 'Østfold');
-- INSERT INTO ResearchUser (id, age, gender, state) VALUES (26, 61, 'MALE', 'Østfold');
-- INSERT INTO ResearchUser (id, age, gender, state) VALUES (27, 61, 'MALE', 'Østfold');
-- INSERT INTO ResearchUser (id, age, gender, state) VALUES (28, 61, 'MALE', 'Østfold');
-- INSERT INTO ResearchUser (id, age, gender, state) VALUES (29, 61, 'MALE', 'Østfold');
-- INSERT INTO ResearchUser (id, age, gender, state) VALUES (30, 61, 'MALE', 'Østfold');
-- INSERT INTO ResearchUser (id, age, gender, state) VALUES (31, 61, 'MALE', 'Østfold');
-- INSERT INTO ResearchUser (id, age, gender, state) VALUES (32, 61, 'MALE', 'Østfold');


-- INSERT INTO Category (id, title, orderNumber, versionNumber) VALUES (1, 'Råd og Tips', 1, 1);
-- INSERT INTO Category (id, title, orderNumber, versionNumber) VALUES (2, 'Abstinenser', 2, 1);
-- INSERT INTO Category (id, title, orderNumber, versionNumber) VALUES (3, 'Følelser', 3, 1);
-- INSERT INTO Category (id, title, orderNumber, versionNumber) VALUES (4, 'Cannabisinformasjon', 4, 1);
-- INSERT INTO Category (id, title, orderNumber, versionNumber) VALUES (5, 'Hjernen', 5, 1);
-- INSERT INTO Category (id, title, orderNumber, versionNumber) VALUES (6, 'Sosialt Fokus', 6, 1);
-- INSERT INTO Category (id, title, orderNumber, versionNumber) VALUES (7, 'Tilbakefall', 7, 1);
-- INSERT INTO Category (id, title, orderNumber, versionNumber) VALUES (8, 'Øvelser', 8, 1);
-- INSERT INTO Category (id, title, orderNumber, versionNumber) VALUES (9, 'Program', 9, 1);

-- // Råd og tips
-- INSERT INTO Info (id, title, htmlContent, category_id) VALUES (1, 'Praktiske råd når du skal slutte', 'Some html', 1);
-- INSERT INTO Info (id, title, htmlContent, category_id) VALUES (2, 'Tips til andre aktiviteter', 'Some html', 1);
-- INSERT INTO Info (id, title, htmlContent, category_id) VALUES (3, 'Motivasjon', 'Some html', 1);
-- INSERT INTO Info (id, title, htmlContent, category_id) VALUES (4, 'Hjelpetilbud og behandligstilbud', 'Some html', 1);
-- INSERT INTO Info (id, title, htmlContent, category_id) VALUES (5, 'Strategier','Some html' , 1);
-- INSERT INTO Info (id, title, htmlContent, category_id) VALUES (6, 'Risikosituasjoner og triggere', 'Some html', 1);

-- // Abstinenser
-- INSERT INTO Info (id, title, htmlContent, category_id) VALUES (7, 'Aggresjon og sinne', 'Some html', 2);
-- INSERT INTO Info (id, title, htmlContent, category_id) VALUES (8, 'Søvnproblemer, Mareritt og intense drømmer', 'Some html', 2);
-- INSERT INTO Info (id, title, htmlContent, category_id) VALUES (9, 'Nedsatt appetitt', 'Some html', 2);
-- INSERT INTO Info (id, title, htmlContent, category_id) VALUES (10, 'Svetting, Skjelving eller Vondt i hodet', 'Some html', 2);
-- INSERT INTO Info (id, title, htmlContent, category_id) VALUES (11, 'Magetrøbbel','Some html' , 2);
-- INSERT INTO Info (id, title, htmlContent, category_id) VALUES (12, 'Nedtrykhet', 'Some html', 2);
-- INSERT INTO Info (id, title, htmlContent, category_id) VALUES (13, 'Suget', 'Some html', 2);

-- // Følelser
-- INSERT INTO Info (id, title, htmlContent, category_id) VALUES (14, 'Angst, Uro og Rastløshet', 'Some html', 3);
-- INSERT INTO Info (id, title, htmlContent, category_id) VALUES (15, 'Ensomhet, Forlatthet, Isolasjon', 'Some html', 3);
-- INSERT INTO Info (id, title, htmlContent, category_id) VALUES (16, 'Lykke, oppstemthet, belønning, velbehag', 'Some html', 3);

-- // Cannabisinformasjon
-- INSERT INTO Info (id, title, htmlContent, category_id) VALUES (17, 'Cannabis', 'Some html', 4);
-- INSERT INTO Info (id, title, htmlContent, category_id) VALUES (18, 'Mulige skadevirkninger ved bruk av cannabis', 'Some html', 4);
-- INSERT INTO Info (id, title, htmlContent, category_id) VALUES (19, 'Positive effekter av å redusere/slutte med cannabis bruk', 'Some html', 4);

-- // Hjernen
-- INSERT INTO Info (id, title, htmlContent, category_id) VALUES (20, 'Kognisjon', 'Some html', 5);
-- INSERT INTO Info (id, title, htmlContent, category_id) VALUES (21, '3D-Hjernen', 'Some html', 5);

-- // Sosialt Fokus
-- INSERT INTO Info (id, title, htmlContent, category_id) VALUES (22, 'Nettverk', 'Some html', 6);
-- INSERT INTO Info (id, title, htmlContent, category_id) VALUES (23, 'Identitet før og nå', 'Some html', 6);
-- INSERT INTO Info (id, title, htmlContent, category_id) VALUES (24, 'Fremtiden', 'Some html', 6);

-- // Tilbakefall
-- INSERT INTO Info (id, title, htmlContent, category_id) VALUES (25, 'Vanlige årsaker til tilbakefall', 'Some html', 7);
-- INSERT INTO Info (id, title, htmlContent, category_id) VALUES (26, 'Forebygging av tilbakefall', 'Some html', 7);

-- // Øvelser
-- INSERT INTO Info (id, title, htmlContent, category_id) VALUES (27, 'ABCD-modell', 'Some html', 8);
-- INSERT INTO Info (id, title, htmlContent, category_id) VALUES (28, 'Avslapningsøvelse', 'Some html', 8);
-- INSERT INTO Info (id, title, htmlContent, category_id) VALUES (29, 'FAK-modellen', 'Some html', 8);
-- INSERT INTO Info (id, title, htmlContent, category_id) VALUES (30, 'Nettverksplanlegging', 'Some html', 8);
-- INSERT INTO Info (id, title, htmlContent, category_id) VALUES (31, 'Tribuneperspektiv', 'Some html', 8);

-- // Program
-- INSERT INTO Info (id, title, htmlContent, category_id) VALUES (32, 'Fase 1 - Fysisk fokus, dag 1-11', 'Some html', 9);
-- INSERT INTO Info (id, title, htmlContent, category_id) VALUES (33, 'Fase 2 - Psykologisk fokus, dag 12-21', 'Some html', 9);
-- INSERT INTO Info (id, title, htmlContent, category_id) VALUES (34, 'Fase 3 - Sosialt fokus, dag 21-56', 'Some html', 9);
-- INSERT INTO Info (id, title, htmlContent, category_id) VALUES (35, 'Hasjavvenningsprogrammet', 'Some html', 9);